2018 rank,City,State,2018 estimate,2010 census,Percentage Change,2016 land area km2,2016 population density per km2,Time zone,Website
1,New York City, New York,8398748,8175133,+2.74,780.9 ,"10,933",UTC−05:00 (EST),https://www.nyc.gov/
2,Los Angeles, California,3990456,3792621,+5.22,"1,213.9 ","3,276",UTC−08:00 (Pacific),https://www.lacity.org/
3,Chicago, Illinois,2705994,2695598,+0.39,588.7 ,"4,600",UTC−06:00 (Central),http://www.cityofchicago.org
4,Houston, Texas,2325502,2100263,+10.72,"1,651.1 ","1,395",UTC−6 (CST),http://www.houstontx.gov/
5,Phoenix, Arizona,1660272,1445632,+14.85,"1,340.6 ","1,200",UTC−7 (MST (no DST)),http://www.phoenix.gov
6,Philadelphia, Pennsylvania,1584138,1526006,+3.81,347.6 ,"4,511",UTC-5 (EST),http://www.phila.gov/
7,San Antonio, Texas,1532233,1327407,+15.43,"1,194.0 ","1,250",UTC−6 (CST),http://www.sanantonio.gov/
8,San Diego, California,1425976,1307402,+9.07,842.3 ,"1,670",UTC−8 (Pacific),http://www.sandiego.gov/
9,Dallas, Texas,1345047,1197816,+12.29,882.9 ,"1,493",UTC−6 (Central),http://www.dallascityhall.com/
10,San Jose, California,1030119,945942,+8.90,459.7 ,"2,231",UTC−8 (Pacific Time Zone),http://www.sanjoseca.gov/
11,Austin, Texas,964254,790390,+22.00,809.9 ,"1,170",UTC−6 (CST),http://www.austintexas.gov
12,Jacksonville, Florida,903889,821784,+9.99,"1,935.8 ",455,UTC−5 (Eastern (EST)),http://www.coj.net
13,Fort Worth, Texas,895008,741206,+20.75,888.1 ,962,UTC−6 (CST),http://www.fortworthtexas.gov/
14,Columbus, Ohio,892533,787033,+13.40,565.9 ,"1,520",UTC-5 (EST),http://www.columbus.gov/
15,San Francisco, California,883305,805235,+9.70,121.5 ,"7,170",UTC−8 (Pacific Time Zone),http://sf.gov/
16,Charlotte, North Carolina,872498,731424,+19.29,791.0 ,"1,064",UTC−5 (EST),http://charlottenc.gov
17,Indianapolis, Indiana,867125,820445,+5.69,936.3 ,914,UTC−5 (EST),http://www.indy.gov
18,Seattle, Washington,744955,608660,+22.39,217.0 ,"3,245",UTC−8 (PST),http://www.seattle.gov/
19,Denver, Colorado,716492,600158,+19.38,397.0 ,"1,746",UTC−7 (MST),http://www.denvergov.org/
20,"Washington, D.C.", District of Columbia,702455,601723,+16.74,158.2 ,"4,304",UTC−5 (EST),http://dc.gov/
21,Boston, Massachusetts,694583,617594,+12.47,125.1 ,"5,381",UTC−5 (EST),https://www.boston.gov/
22,El Paso, Texas,682669,649121,+5.17,665.1 ,"1,030",UTC−7 (MST),http://www.elpasotexas.gov
23,Detroit, Michigan,672662,713777,−5.76,359.5 ,"1,871",UTC−5 (EST),http://www.detroitmi.gov/
24,Nashville, Tennessee,669053,601222,+11.28,"1,232.6 ",536,UTC−6 (CST),http://www.nashville.gov/
25,Portland, Oregon,653115,583776,+11.88,345.8 ,"1,851",UTC−08:00 (PST),http://www.PortlandOregon.gov/
26,Memphis, Tennessee,650618,646889,+0.58,822.1 ,794,UTC−6 (CST),http://www.memphistn.gov
27,Oklahoma City, Oklahoma,649021,579999,+11.90,"1,570.3 ",407,UTC−6 (CST),http://www.okc.gov/
28,Las Vegas, Nevada,644644,583756,+10.43,348.1 ,"1,818",UTC−8 (PST),http://lasvegasnevada.gov
29,Louisville, Kentucky,620118,597337,+3.81,682.5 ,903,UTC-5 (EST),http://louisvilleky.gov/
30,Baltimore, Maryland,602495,620961,−2.97,209.5 ,"2,934",UTC−5 (EST),http://www.baltimorecity.gov/
31,Milwaukee, Wisconsin,592025,594833,−0.47,249.2 ,"2,388",UTC−6 (CST),http://city.milwaukee.gov
32,Albuquerque, New Mexico,560218,545852,+2.63,487.4 ,"1,147",UTC−7 (MST),http://www.cabq.gov/
33,Tucson, Arizona,545975,520116,+4.97,597.8 ,888,UTC−7 (MST (no DST)),http://www.tucsonaz.gov
34,Fresno, California,530093,494665,+7.16,296.3 ,"1,762",UTC−08:00 (Pacific),http://www.fresno.gov
35,Mesa, Arizona,508958,439041,+15.92,357.2 ,"1,357",UTC−7 (MST (no DST)),http://www.mesaaz.gov
36,Sacramento, California,508529,466488,+9.01,253.6 ,"1,953",UTC−8 (PST),http://cityofsacramento.org
37,Atlanta, Georgia,498044,420003,+18.58,345.8 ,"1,366",UTC−5 (EST),http://atlantaga.gov
38,Kansas City, Missouri,491918,459787,+6.99,815.8 ,590,UTC– 06:00 (CST),http://www.kcmo.gov/
39,Colorado Springs, Colorado,472688,416427,+13.51,506.6 ,918,UTC−7 (MST),http://coloradosprings.gov
40,Miami, Florida,470914,399457,+17.89,93.2 ,"4,865",UTC−5 (Eastern (EST)),http://miamigov.com
41,Raleigh, North Carolina,469298,403892,+16.19,375.8 ,"1,221",UTC−05:00 (EST),http://raleighnc.gov
42,Omaha, Nebraska,468262,408958,+14.50,345.0 ,"1,296",UTC−06:00 (CST),http://www.cityofomaha.org
43,Long Beach, California,467354,462257,+1.10,130.3 ,"3,609",UTC−08:00 (Pacific),http://www.longbeach.gov
44,Virginia Beach, Virginia,450189,437994,+2.78,633.8 ,710,UTC−5 (EST),http://www.vbgov.com/
45,Oakland, California,429082,390724,+9.82,144.8 ,"2,901",UTC−08:00 (Pacific),https://www.oaklandca.gov
46,Minneapolis, Minnesota,425403,382578,+11.19,139.9 ,"2,960",UTC–6 (CST),http://www.minneapolismn.gov
47,Tulsa, Oklahoma,400669,391906,+2.24,509.7 ,791,UTC−6 (CST),http://www.cityoftulsa.org/
48,Arlington, Texas,398112,365438,+8.94,248.1 ,"1,600",UTC−6 (CST),http://www.ArlingtonTX.gov
49,Tampa, Florida,392890,335709,+17.03,293.7 ,"1,284",UTC−5 (EST),http://www.tampagov.net
50,New Orleans, Louisiana,391006,343829,+13.72,438.7 ,892,UTC−6 (CST),http://www.nola.gov
51,Wichita, Kansas,389255,382368,+1.80,415.4 ,939,UTC−6 (CST),http://www.wichita.gov/
52,Cleveland, Ohio,383793,396815,−3.28,201.2 ,"1,917",UTC−5 (EST),http://www.cleveland-oh.gov
53,Bakersfield, California,383579,347483,+10.39,385.4 ,976,UTC−8 (Pacific),http://www.bakersfieldcity.us/
54,Aurora, Colorado,374114,325078,+15.08,397.6 ,910,UTC−7 (MST),http://auroragov.org
55,Anaheim, California,352005,336265,+4.68,129.5 ,"2,711",UTC−8 (Pacific),http://www.anaheim.net
56,Honolulu, Hawaii,347397,337256,+3.01,156.7 ,"2,245",UTC−10 (Hawaiian (HST)),http://www.honolulu.gov/
57,Santa Ana, California,332725,324528,+2.53,70.2 ,"4,762",UTC−8 (Pacific),http://www.santa-ana.org
58,Riverside, California,330063,303871,+8.62,210.3 ,"1,544",UTC−8 (Pacific),http://riversideca.gov
59,Corpus Christi, Texas,326554,305215,+6.99,452.2 ,720,UTC−6 (CST),http://www.cctexas.com
60,Lexington, Kentucky,323780,295803,+9.46,734.5 ,434,UTC−5 (EST),http://www.lexingtonky.gov
61,Stockton, California,311178,291707,+6.67,159.8 ,"1,922",UTC−8 (Pacific),http://www.stocktongov.com
62,Henderson, Nevada,310390,257729,+20.43,271.2 ,"1,080",UTC−8 (PST),http://www.cityofhenderson.com
63,Saint Paul, Minnesota,307695,285068,+7.94,134.7 ,"2,245",UTC−6 (CST),http://www.stpaul.gov/
64,St. Louis, Missouri,302838,319294,−5.15,160.6 ,"1,939",UTC−6 (CST),http://stlouis-mo.gov
65,Cincinnati, Ohio,302605,296943,+1.91,200.5 ,"1,490",UTC−5 (EST),http://cincinnati-oh.gov
66,Pittsburgh, Pennsylvania,301048,305704,−1.52,143.5 ,"2,116",UTC−5 (Eastern Standard Time),http://www.pittsburghpa.gov/
67,Greensboro, North Carolina,294722,269666,+9.29,332.3 ,864,UTC−5 (EST),http://www.greensboro-nc.gov
68,Anchorage, Alaska,291538,291826,−0.10,"4,420.1 ",68,UTC-9 (AKST),http://www.muni.org/
69,Plano, Texas,288061,259841,+10.86,185.7 ,"1,540",UTC−6 (CST),https://www.plano.gov
70,Lincoln, Nebraska,287401,258379,+11.23,238.5 ,"1,175",UTC-6 (CST),http://www.lincoln.ne.gov/
71,Orlando, Florida,285713,238300,+19.90,272.5 ,"1,017",UTC−5 (Eastern (EST)),http://www.cityoforlando.net
72,Irvine, California,282572,212375,+33.05,169.9 ,"1,566",UTC−8 (Pacific),http://cityofirvine.org
73,Newark, New Jersey,282090,277140,+1.79,62.4 ,"4,514",UTC−5 (Eastern (EST)),http://newarknj.gov/
74,Toledo, Ohio,274975,287208,−4.26,209.0 ,"1,332",UTC−5 (EST),http://www.toledo.oh.gov
75,Durham, North Carolina,274291,228330,+20.13,284.4 ,925,UTC−5 (EST),http://durhamnc.gov/
76,Chula Vista, California,271651,243916,+11.37,128.5 ,"2,080",UTC-8 (PST),http://www.chulavistaca.gov
77,Fort Wayne, Indiana,267633,253691,+5.50,286.5 ,923,UTC−05:00 (EST),http://www.cityoffortwayne.org
78,Jersey City, New Jersey,265549,247597,+7.25,38.3 ,"6,891",UTC−5 (EST),http://www.jerseycitynj.gov
79,St. Petersburg, Florida,265098,244769,+8.31,160.1 ,"1,631",UTC−5 (Eastern (EST)),https://www.stpete.org/
80,Laredo, Texas,261639,236091,+10.82,261.8 ,982,UTC−6 (CST),http://www.laredotexas.gov/
81,Madison, Wisconsin,258054,233209,+10.65,199.4 ,"1,270",UTC−6 (Central),http://cityofmadison.com
82,Chandler, Arizona,257165,236123,+8.91,168.1 ,"1,472",UTC−7 (MST (no DST)),http://www.chandleraz.gov
83,Buffalo, New York,256304,261310,−1.92,104.6 ,"2,455",UTC−05:00 (EST),http://www.city-buffalo.com/
84,Lubbock, Texas,255885,229573,+11.46,322.7 ,783,UTC−6 (CST),http://www.ci.lubbock.tx.us
85,Scottsdale, Arizona,255310,217385,+17.45,476.3 ,518,UTC−7 (MST (no DST)),http://www.scottsdaleaz.gov
86,Reno, Nevada,250998,225221,+11.45,277.9 ,883,UTC−8 (Pacific (PST)),http://reno.gov
87,Glendale, Arizona,250702,226721,+10.58,153.1 ,"1,607",UTC-7 (MST (no DST)),http://www.glendaleaz.com
88,Gilbert, Arizona,248279,208453,+19.11,176.1 ,"1,346",UTC-7 (MST (no DST)),http://www.gilbertaz.gov
89,Winston–Salem, North Carolina,246328,229617,+7.28,343.2 ,706,UTC−5 (Eastern),http://www.cityofws.org
90,North Las Vegas, Nevada,245949,216961,+13.36,253.8 ,941,UTC-8 (PST),http://www.CityOfNorthLasVegas.com
91,Norfolk, Virginia,244076,242803,+0.52,138.0 ,"1,776",UTC−5 (EST),http://www.norfolk.gov/
92,Chesapeake, Virginia,242634,222209,+9.19,876.7 ,271,UTC−5 (EST),http://www.cityofchesapeake.net/
93,Garland, Texas,242507,226876,+6.89,147.6 ,"1,592",UTC-6 (CST),http://www.garlandtx.gov
94,Irving, Texas,242242,216290,+12.00,173.5 ,"1,373",UTC-6 (CST),http://www.cityofirving.org/
95,Hialeah, Florida,238942,224669,+6.35,55.7 ,"4,245",UTC−5 (EST),http://www.hialeahfl.gov
96,Fremont, California,237807,214089,+11.08,200.7 ,"1,161",UTC−8 (Pacific),http://www.fremont.gov
97,Boise, Idaho,228790,205671,+11.24,212.6 ,"1,049",UTC−7 (MST),http://www.cityofboise.org
98,Richmond, Virginia,228783,204214,+12.03,154.9 ,"1,441",UTC-5 (EST),http://www.ci.richmond.va.us/
99,Baton Rouge, Louisiana,221599,229493,−3.44,222.5 ,"1,024",UTC−6 (CST),http://www.brgov.com
100,Spokane, Washington,219190,208916,+4.92,177.9 ,"1,214",UTC−8 (PST),http://www.spokanecity.org
101,Des Moines, Iowa,216853,203433,+6.60,230.2 ,936,UTC-6 (CST),http://www.dmgov.org/
102,Tacoma, Washington,216279,198397,+9.01,128.7 ,"1,641",UTC−8 (PST),http://www.cityoftacoma.org/
103,San Bernardino, California,215941,209924,+2.87,159.3 ,"1,358",UTC−8 (Pacific),http://sbcity.org
104,Modesto, California,215030,201165,+6.89,111.4 ,"1,905",UTC−8 (Pacific),http://www.modestogov.com
105,Fontana, California,213739,196069,+9.01,111.4 ,"1,883",UTC-8 (PST),http://fontana.org
106,Santa Clarita, California,210089,176320,+19.15,136.8 ,"1,331",UTC−08:00 (Pacific),http://www.santa-clarita.com
107,Birmingham, Alabama,209880,212237,−1.11,378.4 ,561,UTC−6 (CST),http://www.birminghamal.gov/
108,Oxnard, California,209877,197899,+6.05,69.7 ,"2,984",UTC−8 (Pacific),https://www.oxnard.org
109,Fayetteville, North Carolina,209468,200564,+4.44,382.5 ,535,UTC−5 (Eastern (EST)),http://www.ci.fayetteville.nc.us
110,Moreno Valley, California,209050,193365,+8.11,132.9 ,"1,547",UTC−8 (Pacific),http://www.moreno-valley.ca.us
111,Rochester, New York,206284,210565,−2.03,92.7 ,"2,253",UTC−5 (EST),https://www.cityofrochester.gov
112,Glendale, California,201361,191719,+5.03,78.7 ,"2,551",UTC−8 (Pacific),http://glendaleca.gov
113,Huntington Beach, California,200641,189992,+5.60,69.7 ,"2,880",UTC−8 (Pacific),http://huntingtonbeachca.gov
114,Salt Lake City, Utah,200591,186440,+7.59,288.0 ,673,UTC−7 (Mountain),http://www.slcgov.com
115,Grand Rapids, Michigan,200217,188040,+6.48,115.0 ,"1,708",UTC-5 (EST),http://www.grcity.us/
116,Amarillo, Texas,199924,190695,+4.84,262.6 ,760,UTC−6 (CST),http://www.amarillo.gov
117,Yonkers, New York,199663,195976,+1.88,46.6 ,"4,307",UTC-5 (EST),http://www.yonkersny.gov/
118,Aurora, Illinois,199602,197899,+0.86,116.3 ,"1,729",UTC−6 (CST),http://www.aurora-il.org
119,Montgomery, Alabama,198218,205764,−3.67,413.9 ,483,UTC−6 (CST),http://montgomeryal.gov
120,Akron, Ohio,198006,199110,−0.55,160.6 ,"1,231",UTC-5 (Eastern (EST)),http://akronohio.gov
121,Little Rock, Arkansas,197881,193524,+2.25,307.4 ,646,UTC-6 (CST),http://www.littlerock.gov
122,Huntsville, Alabama,197318,180105,+9.56,552.7 ,349,UTC−6 (CST),https://www.huntsvilleal.gov/
123,Augusta, Georgia,196939,195844,+0.56,783.5 ,252,UTC-5 (EST),http://www.augustaga.gov
124,Port St. Lucie, Florida,195248,164603,+18.62,307.9 ,601,UTC−5 (Eastern (EST)),https://www.cityofpsl.com/
125,Grand Prairie, Texas,194614,175396,+10.96,187.3 ,"1,018",UTC-6 (CST),https://www.gptx.org
126,Columbus, Georgia,194160,189885,+2.25,560.5 ,353,UTC−5 (EST),http://www.columbusga.gov/
127,Tallahassee, Florida,193551,181376,+6.71,260.0 ,734,UTC−5 (Eastern (EST)),http://www.talgov.com
128,Overland Park, Kansas,192536,173372,+11.05,194.5 ,971,UTC-6 (CST),http://www.opkansas.org
129,Tempe, Arizona,192364,161719,+18.95,103.6 ,"1,761",UTC−7 (MST (no DST)),http://www.tempe.gov
130,McKinney, Texas,191645,131117,+46.16,163.2 ,"1,056",UTC−6 (CST),http://www.mckinneytexas.org
131,Mobile, Alabama,189572,195111,−2.84,361.0 ,534,UTC−6 (CST),http://www.cityofmobile.org/
132,Cape Coral, Florida,189343,154305,+22.71,273.5 ,658,UTC−05:00 (EST),http://www.capecoral.net
133,Shreveport, Louisiana,188987,199311,−5.18,277.4 ,700,UTC−6 (CST),http://www.shreveportla.gov
134,Frisco, Texas,188170,116989,+60.84,175.3 ,933,UTC-6 (CST),http://www.friscotexas.gov
135,Knoxville, Tennessee,187500,178874,+4.82,255.1 ,730,UTC−5 (EST),http://www.knoxvilletn.gov
136,Worcester, Massachusetts,185877,181045,+2.67,96.9 ,"1,905",UTC-5 (Eastern),http://www.worcesterma.gov
137,Brownsville, Texas,183392,175023,+4.78,343.2 ,536,UTC-6 (CST),http://www.cob.us
138,Vancouver, Washington,183012,161791,+13.12,121.5 ,"1,439",UTC−8 (Pacific),http://www.cityofvancouver.us/
139,Fort Lauderdale, Florida,182595,165521,+10.32,89.6 ,"1,995",UTC−5 (Eastern (EST)),http://www.fortlauderdale.gov
140,Sioux Falls, South Dakota,181883,153888,+18.19,195.3 ,893,UTC−6 (Central),http://www.SiouxFalls.org
141,Ontario, California,181107,163924,+10.48,129.2 ,"1,340",UTC−8 (Pacific),http://www.ontarioca.gov/
142,Chattanooga, Tennessee,180557,167674,+7.68,370.6 ,479,UTC-5 (EST),http://www.chattanooga.gov/
143,Providence, Rhode Island,179335,178042,+0.73,47.7 ,"3,760",UTC−5 (Eastern Time Zone),http://www.providenceri.com
144,Newport News, Virginia,178626,180719,−1.16,179.0 ,"1,016",UTC−5 (EST),http://www.nnva.gov
145,Rancho Cucamonga, California,177751,165269,+7.55,103.6 ,"1,704",UTC−8 (PST),http://www.cityofrc.us
146,Santa Rosa, California,177586,167815,+5.82,107.0 ,"1,637",UTC−8 (Pacific),http://ci.santa-rosa.ca.us
147,Oceanside, California,176080,167086,+5.38,107.0 ,"1,641",UTC−8 (Pacific),http://www.ci.oceanside.ca.us
148,Salem, Oregon,173442,154637,+12.16,125.9 ,"1,330",UTC−8 (PST),http://cityofsalem.net
149,Elk Grove, California,172886,153015,+12.99,109.3 ,"1,553",UTC-8 (Pacific),http://elkgrovecity.org
150,Garden Grove, California,172646,170883,+1.03,46.6 ,"3,751",UTC-8 (Pacific),http://www.ggcity.org
151,Pembroke Pines, Florida,172374,154019,+11.92,85.5 ,"1,973",UTC−5 (Eastern (EST)),http://www.ppines.com/
152,Peoria, Arizona,172259,154065,+11.81,455.1 ,361,UTC−7 (MST (no DST)),http://www.peoriaaz.gov/
153,Eugene, Oregon,171245,156185,+9.64,114.2 ,"1,458",UTC-8 (PST),http://www.eugene-or.gov/
154,Corona, California,168819,152374,+10.79,102.3 ,"1,630",UTC-8 (Pacific),http://www.discovercorona.com/
155,Cary, North Carolina,168160,135234,+24.35,146.3 ,"1,109",UTC-5 (EST),https://www.townofcary.org
156,Springfield, Missouri,168122,159498,+5.41,213.2 ,785,UTC−6 (CST),http://www.springfieldmo.gov/
157,Fort Collins, Colorado,167830,143986,+16.56,144.5 ,"1,136",UTC−7 (MST),http://fcgov.com
158,Jackson, Mississippi,164422,173514,−5.24,287.5 ,588,UTC−6 (CST),http://www.jacksonms.gov
159,Alexandria, Virginia,160530,139966,+14.69,38.8 ,"4,010",UTC-5 (EST),http://www.alexandriava.gov
160,Hayward, California,159620,144186,+10.70,117.8 ,"1,349",UTC−8 (Pacific),http://www.hayward-ca.gov
161,Lancaster, California,159053,156633,+1.55,244.2 ,656,UTC-8 (Pacific),http://www.cityoflancasterca.org
162,Lakewood, Colorado,156798,142980,+9.66,111.1 ,"1,390",UTC-7 (MST),http://www.ci.lakewood.co.us/
163,Clarksville, Tennessee,156794,132929,+17.95,254.6 ,590,UTC−6 (CST),http://www.cityofclarksville.com/
164,Palmdale, California,156667,152750,+2.56,274.5 ,573,UTC−8 (Pacific Time Zone),http://www.cityofpalmdale.org
165,Salinas, California,156259,150441,+3.87,61.1 ,"2,572",UTC−8 (Pacific),http://www.cityofsalinas.org
166,Springfield, Massachusetts,155032,153060,+1.29,82.6 ,"1,860",UTC−5 (Eastern),http://www.springfield-ma.gov
167,Hollywood, Florida,154823,140768,+9.98,70.7 ,"2,150",UTC−5 (EST),http://www.hollywoodfl.org/
168,Pasadena, Texas,153219,149043,+2.80,112.7 ,"1,361",UTC−6 (CST),http://www.ci.pasadena.tx.us/
169,Sunnyvale, California,153185,140081,+9.35,57.0 ,"2,681",UTC−8 (PST),http://sunnyvale.ca.gov
170,Macon, Georgia,153095,91351,+67.59,645.7 ,236,UTC−5 (EST),http://maconbibb.us/
171,Kansas City, Kansas,152958,145786,+4.92,323.2 ,470,UTC−6 (CST),http://wycokck.org
172,Pomona, California,152361,149058,+2.22,59.6 ,"2,560",UTC−8 (Pacific),http://www.ci.pomona.ca.us
173,Escondido, California,152213,143911,+5.77,96.1 ,"1,578",UTC−8 (Pacific),http://www.escondido.org
174,Killeen, Texas,149103,127921,+16.56,138.6 ,"1,030",UTC-6 (Central (CST)),http://www.killeentexas.gov
175,Naperville, Illinois,148304,141853,+4.55,100.2 ,"1,468",UTC−6 (CST),http://www.naperville.il.us
176,Joliet, Illinois,148099,147433,+0.45,166.8 ,889,UTC-6 (CST),http://www.cityofjoliet.info/
177,Bellevue, Washington,147599,122363,+20.62,86.8 ,"1,630",UTC−8 (PST),http://www.bellevuewa.gov
178,Rockford, Illinois,146526,152871,−4.15,164.5 ,898,UTC−6 (CST),https://rockfordil.gov/
179,Savannah, Georgia,145862,136286,+7.03,268.3 ,547,UTC−5 (EST),http://www.savannahga.gov/
180,Paterson, New Jersey,145627,146199,−0.39,21.8 ,"6,800",UTC−5 (Eastern (EST)),http://www.patersonnj.gov
181,Torrance, California,145182,145438,−0.18,53.1 ,"2,770",UTC−8 (Pacific),http://www.torranceca.gov
182,Bridgeport, Connecticut,144900,144229,+0.47,41.7 ,"3,500",UTC-5 (Eastern),http://bridgeportct.gov/
183,McAllen, Texas,143433,129877,+10.44,151.3 ,940,UTC−6 (CST),http://www.mcallen.net
184,Mesquite, Texas,142816,139824,+2.14,122.2 ,"1,176",UTC-6 (CST),http://cityofmesquite.com
185,Syracuse, New York,142749,145170,−1.67,64.7 ,"2,214",UTC−5 (Eastern),http://www.syrgov.net
186,Midland, Texas,142344,111147,+28.07,192.7 ,698,UTC−6 (CST),http://www.midlandtexas.gov
187,Pasadena, California,141371,137122,+3.10,59.6 ,"2,385",UTC−8 (Pacific),http://www.cityofpasadena.net
188,Murfreesboro, Tennessee,141344,108755,+29.97,144.8 ,910,UTC−6 (CST),http://www.murfreesborotn.gov
189,Miramar, Florida,140823,122041,+15.39,76.1 ,"1,818",UTC-5 (EST),http://www.miramarfl.gov
190,Dayton, Ohio,140640,141527,−0.63,144.3 ,974,UTC-5 (EST),http://daytonohio.gov
191,Fullerton, California,139640,135161,+3.31,58.0 ,"2,425",UTC-8 (PST),http://www.ci.fullerton.ca.us
192,Olathe, Kansas,139605,125872,+10.91,157.7 ,859,UTC-6 (CST),http://www.olatheks.org/
193,Orange, California,139484,136416,+2.25,65.8 ,"2,136",UTC−08:00 (Pacific),http://www.cityoforange.org
194,Thornton, Colorado,139436,118772,+17.40,92.5 ,"1,478",UTC−7 (MST),http://www.cityofthornton.net/
195,Roseville, California,139117,118788,+17.11,111.4 ,"1,191",UTC−8 (Pacific),http://www.roseville.ca.us
196,Denton, Texas,138541,113383,+22.19,241.9 ,553,UTC-6 (CST),http://www.cityofdenton.com/
197,Waco, Texas,138183,124805,+10.72,230.5 ,580,UTC−6 (Central),http://www.waco-texas.com/
198,Surprise, Arizona,138161,117517,+17.57,279.5 ,470,UTC-7 (MST (no DST)),http://www.surpriseaz.gov
199,Carrollton, Texas,136879,119097,+14.93,94.0 ,"1,419",UTC-6 (Central),http://www.cityofcarrollton.com
200,West Valley City, Utah,136401,129480,+5.35,91.9 ,"1,485",UTC−7 (Mountain (MST)),http://www.wvc-ut.gov/
201,Charleston, South Carolina,136208,120083,+13.43,282.3 ,476,UTC-5 (EST),http://www.charleston-sc.gov
202,Warren, Michigan,134587,134056,+0.40,89.1 ,"1,517",UTC-5 (Eastern (EST)),http://www.cityofwarren.org/
203,Hampton, Virginia,134313,137436,−2.27,133.4 ,"1,015",UTC-5 (EST),http://www.hampton.gov
204,Gainesville, Florida,133857,124354,+7.64,161.4 ,815,UTC−5 (EST),http://www.cityofgainesville.org
205,Visalia, California,133800,124442,+7.52,97.1 ,"1,349",UTC-8 (PST),http://www.ci.visalia.ca.us
206,Coral Springs, Florida,133507,121096,+10.25,61.6 ,"2,110",UTC-5 (EST),http://www.coralsprings.org/
207,Columbia, South Carolina,133451,129272,+3.23,345.8 ,388,UTC-5 (Eastern (EST)),http://www.columbiasc.net
208,Cedar Rapids, Iowa,133174,126326,+5.42,183.4 ,715,UTC-6 (CST),http://www.cedar-rapids.org/
209,Sterling Heights, Michigan,132964,129699,+2.52,94.5 ,"1,401",UTC−5 (Eastern (EST)),http://www.sterling-heights.net/
210,New Haven, Connecticut,130418,129779,+0.49,48.4 ,"2,683",UTC−5 (Eastern),http://www.newhavenct.gov
211,Stamford, Connecticut,129775,122643,+5.82,97.4 ,"1,326",UTC-5 (Eastern),http://www.stamfordct.gov/
212,Concord, California,129688,122067,+6.24,79.0 ,"1,630",UTC−8 (Pacific),http://www.ci.concord.ca.us
213,Kent, Washington,129618,92411,+40.26,87.3 ,"1,461",UTC-8 (PST),http://www.kentwa.gov/
214,Santa Clara, California,129488,116468,+11.18,47.7 ,"2,643",UTC−8 (Pacific),http://SantaClaraCA.gov
215,Elizabeth, New Jersey,128885,124969,+3.13,31.9 ,"4,038",UTC−05:00 (Eastern (EST)),http://www.elizabethnj.org/
216,Round Rock, Texas,128739,99887,+28.88,92.2 ,"1,311",UTC−6 (Central (CST)),http://www.roundrocktexas.gov/
217,Thousand Oaks, California,127690,126683,+0.79,143.0 ,902,UTC−8 (Pacific),http://www.toaks.org
218,Lafayette, Louisiana,126143,120623,+4.58,139.3 ,916,UTC-6 (CST),https://www.lafayettetravel.com/
219,Athens, Georgia,125964,115452,+9.11,301.5 ,410,UTC−5 (EST),http://www.athensclarkecounty.com/
220,Topeka, Kansas,125904,127473,−1.23,159.3 ,796,UTC-6 (CST),http://www.topeka.org
221,Simi Valley, California,125851,124237,+1.30,107.5 ,"1,175",UTC−8 (Pacific),http://www.simivalley.org
222,Fargo,  North Dakota,124844,105549,+18.28,127.7 ,950,UTC-6 (CST),http://www.cityoffargo.com
223,Norman, Oklahoma,123471,110925,+11.31,463.1 ,264,UTC−6 (Central (CST)),http://www.ci.norman.ok.us
224,Columbia, Missouri,123180,108500,+13.53,168.3 ,717,UTC-6 (CST),http://www.como.gov
225,Abilene, Texas,122999,117063,+5.07,276.4 ,442,UTC−6 (CST),http://abilenetx.com
226,Wilmington, North Carolina,122607,106476,+15.15,133.6 ,880,UTC−5 (Eastern (EST)),http://www.wilmingtonnc.gov/
227,Hartford, Connecticut,122587,124775,−1.75,45.1 ,"2,735",UTC−5 (EST),http://www.hartford.gov
228,Victorville, California,122312,115903,+5.53,189.8 ,644,UTC-8 (Pacific Time Zone),http://www.victorvilleca.gov/
229,Pearland, Texas,122149,91252,+33.86,119.9 ,947,UTC−6 (Central (CST)),http://www.cityofpearland.com
230,Vallejo, California,121913,115942,+5.15,79.5 ,"1,525",UTC−8 (Pacific),http://www.ci.vallejo.ca.us
231,Ann Arbor, Michigan,121890,113934,+6.98,72.8 ,"1,659",UTC-5 (EST),http://www.a2gov.org/
232,Berkeley, California,121643,112580,+8.05,27.2 ,"4,458",UTC−8 (Pacific),http://www.cityofberkeley.info
233,Allentown, Pennsylvania,121433,118032,+2.88,45.3 ,"2,657",UTC−5 (EST),http://www.allentownpa.gov/
234,Richardson, Texas,120981,99223,+21.93,74.1 ,"1,530",UTC−6 (CST),https://www.cor.net
235,Odessa, Texas,120568,99940,+20.64,117.1 ,"1,007",UTC−6 (CST),http://www.odessa-tx.gov/
236,Arvada, Colorado,120492,106433,+13.21,100.0 ,"1,175",UTC−7 (MST),http://arvada.org
237,Cambridge, Massachusetts,118977,105162,+13.14,16.6 ,"6,675",UTC−5 (Eastern),http://cambridgema.gov
238,Sugar Land, Texas,118600,78817,+50.48,88.1 ,"1,347",UTC−6 (Central (CST)),http://www.sugarlandtx.gov/
239,Beaumont, Texas,118428,118296,+0.11,212.6 ,556,UTC−6 (CST),http://beaumonttexas.gov
240,Lansing, Michigan,118427,114297,+3.61,101.3 ,"1,146",UTC-5 (EST),http://www.lansingmi.gov
241,Evansville, Indiana,117963,117429,+0.45,122.5 ,975,UTC-6 (CST),http://www.evansvillegov.org
242,Rochester, Minnesota,116961,106769,+9.55,141.4 ,806,UTC−6 (CST),http://www.rochestermn.gov
243,Independence, Missouri,116925,116830,+0.08,201.5 ,581,UTC−6 (Central (CST)),http://www.indepmo.org
244,Fairfield, California,116884,105321,+10.98,105.9 ,"1,083",UTC−8 (Pacific),http://www.fairfield.ca.gov
245,Provo, Utah,116702,112488,+3.75,108.0 ,"1,082",UTC−7 (Mountain (MST)),http://www.provo.org/
246,Clearwater, Florida,116478,107685,+8.17,67.1 ,"1,705",UTC-5 (Eastern (EST)),http://www.myclearwater.com
247,College Station, Texas,116218,93857,+23.82,132.1 ,849,UTC-6 (CST),http://www.cstx.gov
248,West Jordan, Utah,116046,103712,+11.89,83.7 ,"1,360",UTC−7 (Mountain (MST)),http://www.westjordan.utah.gov/
249,Carlsbad, California,115877,105328,+10.02,97.6 ,"1,167",UTC−8 (Pacific),http://www.carlsbadca.gov
250,El Monte, California,115586,113475,+1.86,24.9 ,"4,658",UTC−8 (Pacific),http://ci.el-monte.ca.us
251,Murrieta, California,114985,103466,+11.13,87.0 ,"1,283",UTC−8 (Pacific),http://www.murrieta.org
252,Temecula, California,114742,100097,+14.63,96.6 ,"1,170",UTC−8 (Pacific),http://temeculaca.gov
253,Springfield, Illinois,114694,116250,−1.34,155.7 ,743,UTC−6 (CST),http://www.springfield.il.us
254,Palm Bay, Florida,114194,103190,+10.66,170.2 ,647,UTC−5 (Eastern (EST)),http://www.palmbayflorida.org/
255,Costa Mesa, California,113615,109960,+3.32,40.7 ,"2,775",UTC-8 (PST),http://www.costamesaca.gov
256,Westminster, Colorado,113479,106114,+6.94,82.1 ,"1,387",UTC−7 (MST),http://www.cityofwestminster.us
257,North Charleston, South Carolina,113237,97471,+16.18,190.9 ,573,UTC−5 (EST),http://www.northcharleston.org
258,Miami Gardens, Florida,113069,107167,+5.51,47.1 ,"2,398",UTC-5 (EST),http://www.miamigardens-fl.gov/
259,Manchester, New Hampshire,112525,109565,+2.70,85.7 ,"1,289",UTC-5 (Eastern),http://www.manchesternh.gov
260,High Point, North Carolina,112316,104371,+7.61,143.0 ,778,UTC−5 (EST),http://www.highpointnc.gov
261,Downey, California,112269,111772,+0.44,32.1 ,"3,527",UTC-8 (PST),http://www.downeyca.org
262,Clovis, California,112022,95631,+17.14,62.7 ,"1,700",UTC−8 (Pacific),http://www.ci.clovis.ca.us
263,Pompano Beach, Florida,111954,99845,+12.13,62.2 ,"1,760",UTC−5 (EST),http://www.pompanobeachfl.gov
264,Pueblo, Colorado,111750,106595,+4.84,138.8 ,795,UTC−7 (MST),http://www.pueblo.us/
265,Elgin, Illinois,111683,108188,+3.23,96.9 ,"1,158",UTC−6 (Central),http://cityofelgin.org
266,Lowell, Massachusetts,111670,106519,+4.84,35.2 ,"3,139",UTC−5 (Eastern),http://www.lowellma.gov/
267,Antioch, California,111535,102372,+8.95,76.1 ,"1,456",UTC−8 (Pacific),http://www.ci.antioch.ca.us
268,West Palm Beach, Florida,111398,99919,+11.49,142.7 ,758,UTC−5 (EST),http://wpb.org/
269,Peoria, Illinois,111388,115007,−3.15,124.8 ,915,UTC−6 (CST),http://www.peoriagov.org
270,Everett, Washington,111262,103019,+8.00,86.2 ,"1,264",UTC−8 (PST),http://everettwa.gov
271,Ventura, California,111128,106433,+4.41,56.5 ,"1,941",UTC−8 (Pacific),http://cityofventura.net
272,Centennial, Colorado,110831,100377,+10.41,76.4 ,"1,439",UTC-7 (MST),http://www.centennialco.gov/
273,Lakeland, Florida,110516,97422,+13.44,170.7 ,624,UTC-5 (EST),http://www.lakelandgov.net/
274,Gresham, Oregon,110158,105594,+4.32,60.3 ,"1,848",UTC−8 (Pacific),http://www.greshamoregon.gov/
275,Richmond, California,110146,103701,+6.21,78.0 ,"1,409",UTC−8 (Pacific),http://www.ci.richmond.ca.us
276,Billings, Montana,109550,104170,+5.16,113.2 ,975,UTC−7 (Mountain),http://www.cityofbillings.net/
277,Inglewood, California,109419,109673,−0.23,23.6 ,"4,700",UTC−8 (Pacific),http://www.cityofinglewood.org
278,Broken Arrow, Oklahoma,109171,98850,+10.44,159.8 ,672,UTC−6 (CST),http://www.brokenarrowok.gov
279,Sandy Springs, Georgia,108797,93853,+15.92,97.6 ,"1,083",UTC−5 (EST),http://www.sandyspringsga.gov
280,Jurupa Valley, California,108393,0,NA[ab],111.1 ,932,UTC-8 (PST),http://jurupavalley.org
281,Hillsboro, Oregon,108389,91611,+18.31,64.7 ,"1,624",UTC−8 (PST),http://www.hillsboro-oregon.gov/
282,Waterbury, Connecticut,108093,110366,−2.06,73.8 ,"1,467",UTC−5 (Eastern),http://www.waterburyct.org
283,Santa Maria, California,107408,99553,+7.89,59.1 ,"1,800",UTC−8 (Pacific),http://www.ci.santa-maria.ca.us
284,Boulder, Colorado,107353,97385,+10.24,64.2 ,"1,683",UTC-7 (MST),http://bouldercolorado.gov
285,Greeley, Colorado,107348,92889,+15.57,123.8 ,840,UTC−7 (MST),http://greeleygov.com
286,Daly City, California,107008,101123,+5.82,19.7 ,"5,409",UTC−8 (Pacific),http://www.dalycity.org
287,Meridian, Idaho,106804,75092,+42.23,77.2 ,"1,384",UTC−7 (Mountain),http://www.meridiancity.org
288,Lewisville, Texas,106586,95290,+11.85,95.1 ,"1,101",UTC−6 (Central),http://www.cityoflewisville.com
289,Davie, Florida,106558,91992,+15.83,90.4 ,"1,127",UTC-5 (EST),http://www.davie-fl.gov
290,West Covina, California,106311,106098,+0.20,41.4 ,"2,600",UTC−8 (PST),http://www.westcovina.org
291,League City, Texas,106244,83560,+27.15,132.6 ,769,UTC-6 (Central (CST)),http://www.leaguecitytx.gov/
292,Tyler, Texas,105729,96900,+9.11,146.6 ,715,UTC−6 (Central),http://www.cityoftyler.org
293,Norwalk, California,105120,105549,−0.41,25.1 ,"4,226",UTC−8 (Pacific),http://www.norwalk.org
294,San Mateo, California,105025,97207,+8.04,31.3 ,"3,317",UTC−8 (Pacific),http://www.cityofsanmateo.org
295,Green Bay, Wisconsin,104879,104057,+0.79,117.6 ,894,UTC−6 (Central),http://greenbaywi.gov
296,Wichita Falls, Texas,104576,104553,+0.02,187.0 ,560,UTC−6 (CST),http://www.wichitafallstx.gov
297,Sparks, Nevada,104246,90264,+15.49,93.0 ,"1,080",UTC−8 (PST),http://cityofsparks.us
298,Lakewood, New Jersey,104157,92843,+12.19,64.0 ,"1,575",UTC-5 (Eastern (EST)),http://www.lakewoodnj.gov/
299,Burbank, California,103695,103340,+0.34,45.1 ,"2,318",UTC−8 (Pacific),http://www.burbankca.gov
300,Rialto, California,103440,99171,+4.30,57.8 ,"1,789",UTC−8 (Pacific Time Zone),http://www.rialtoca.gov
301,Allen, Texas,103383,84246,+22.72,70.2 ,"1,434",UTC-6 (CST),http://www.cityofallen.org
302,El Cajon, California,103241,99478,+3.78,37.6 ,"2,763",UTC−8 (Pacific),http://www.ci.el-cajon.ca.us
303,Las Cruces, New Mexico,102926,97618,+5.44,199.2 ,511,UTC-7 (Mountain),http://www.las-cruces.org
304,Renton, Washington,102153,90927,+12.35,60.6 ,"1,666",UTC−8 (PST),http://www.rentonwa.gov/
305,Davenport, Iowa,102085,99685,+2.41,162.9 ,630,UTC−6 (CST),http://www.cityofdavenportiowa.com/
306,South Bend, Indiana,101860,101168,+0.68,107.2 ,949,UTC−5 (EST),http://www.southbendin.gov
307,Vista, California,101224,93834,+7.88,48.4 ,"2,099",UTC−8 (Pacific Time Zone),http://www.cityofvista.com
308,Tuscaloosa, Alabama,101113,90468,+11.77,185.7 ,540,UTC−6 (CST),http://www.tuscaloosa.com/
309,Clinton, Michigan,100800,96796,+4.14,72.8 ,"1,380",UTC-5 (Eastern (EST)),https://clintontownship.com/index.html
310,Edison, New Jersey,100693,99967,+0.73,78.0 ,"1,309",UTC−5 (Eastern (EST)),http://www.edisonnj.org/
311,Woodbridge, New Jersey,100450,99585,+0.87,60.3 ,"1,680",UTC−5 (Eastern (EST)),http://www.twp.woodbridge.nj.us/
312,San Angelo, Texas,100215,93200,+7.53,155.1 ,649,UTC−6 (CST),http://www.cosatx.us/
313,Kenosha, Wisconsin,100164,99218,+0.95,72.5 ,"1,381",UTC−6 (CST),http://www.kenosha.org/
314,Vacaville, California,100154,92428,+8.36,75.1 ,"1,332",UTC−8 (Pacific),http://www.cityofvacaville.com
